<?xml version="1.0" encoding="UTF-8"?>
<!DOCTYPE html PUBLIC "-//W3C//DTD XHTML 1.0 Strict//EN" "http://www.w3.org/TR/xhtml1/DTD/xhtml1-strict.dtd">
<html xmlns="http://www.w3.org/1999/xhtml" xml:lang="en" lang="en">
	<head profile="http://selenium-ide.openqa.org/profiles/test-case">
		<meta http-equiv="Content-Type" content="text/html; charset=UTF-8" />
		<link rel="selenium.base" href="http://localhost:8080/" />
		<title>SeleniumIDETC</title>
		<!-- This is Selenium IDE test case for more information look at https://www.seleniumhq.org/projects/ide/ -->
	</head>
	<body>
		<table cellpadding="1" cellspacing="1" border="1">
			<thead>
				<tr>
					<td rowspan="1" colspan="3">SeleniumTC</td>
				</tr>
			</thead>
			<tbody>
				<tr>
					<td>open</td>
					<td>/</td>
					<td></td>
				</tr>
				<tr>
					<td>clickAndWait</td>
					<td>link=Insert teacher</td>
					<td></td>
				</tr>
				<tr>
					<td>type</td>
					<td>name=name</td>
					<td>Name</td>
				</tr>
				<tr>
					<td>type</td>
					<td>name=surname</td>
					<td>Surname</td>
				</tr>
				<tr>
					<td>clickAndWait</td>
					<td>css=input[type=&quot;submit&quot;]</td>
					<td></td>
				</tr>
				<tr>
					<td>clickAndWait</td>
					<td>link=Back</td>
					<td></td>
				</tr>
				<tr>
					<td>clickAndWait</td>
					<td>link=Find teacher</td>
					<td></td>
				</tr>
				<tr>
					<td>type</td>
					<td>name=name</td>
					<td>Name</td>
				</tr>
				<tr>
					<td>type</td>
					<td>name=surname</td>
					<td>Surname</td>
				</tr>
				<tr>
					<td>clickAndWait</td>
					<td>css=input[type=&quot;submit&quot;]</td>
					<td></td>
				</tr>
				<tr>
					<td>clickAndWait</td>
					<td>link=Back</td>
					<td></td>
				</tr>
				<tr>
					<td>clickAndWait</td>
					<td>link=Delete teacher</td>
					<td></td>
				</tr>
				<tr>
					<td>type</td>
					<td>name=id</td>
					<td>12</td>
				</tr>
				<tr>
					<td>clickAndWait</td>
					<td>css=input[type=&quot;submit&quot;]</td>
					<td></td>
				</tr>
				<tr>
					<td>clickAndWait</td>
					<td>link=Back</td>
					<td></td>
				</tr>
			</tbody>
		</table>
	</body>
</html>
